{
    "monsters": [
      {
        "id": "monster-1",
        "name": "Dead Unicorn",
        "attack": 60,
        "defense": 40,
        "hp": 10,
        "speed": 80,
        "type": "Type",
        "imageUrl": "/images/dead-unicorn.png"
      },
      {
        "id": "monster-2",
        "name": "Old Shark",
        "attack": 50,
        "defense": 20,
        "hp": 80,
        "speed": 90,
        "type": "Type",
        "imageUrl": "/images/old-shark.png"
      },
      {
        "id": "monster-3",
        "name": "Red Dragon",
        "attack": 90,
        "defense": 80,
        "hp": 90,
        "speed": 70,
        "type": "Type",
        "imageUrl": "/images/red-dragon.png"
      },
      {
        "id": "monster-4",
        "name": "Robot Bear",
        "attack": 50,
        "defense": 40,
        "hp": 80,
        "speed": 60,
        "type": "Type",
        "imageUrl": "/images/robot-bear.png"
      },
      {
        "id": "monster-5",
        "name": "Angry Snake",
        "attack": 80,
        "defense": 20,
        "hp": 70,
        "speed": 80,
        "type": "Type",
        "imageUrl": "/images/angry-snake.png"
      }
    ],
    "battle": [
      {
        "winner": {
          "id": "monster-1",
          "name": "Dead Unicorn",
          "attack": 60,
          "defense": 40,
          "hp": 10,
          "speed": 80,
          "type": "Type",
          "imageUrl": "/images/dead-unicorn.png"
        },
        "tie": true
      }
    ]
  }
  